store,item,avg_daily_demand,std_daily_demand,safety_stock,reorder_point,annual_holding_cost
1,1,22.49345280368188,5.23100952710021,14.90298948911115,82.38334790015679,14.90298948911115
1,2,59.955269463392185,14.15769549639647,40.334850487224294,220.20065887740083,40.334850487224294
1,3,37.68334935138683,8.84493444711459,25.198953359639077,138.2490014137996,25.198953359639077
1,4,22.44454795682431,5.118532248298493,14.58254509017406,81.91618896064699,14.58254509017406
1,5,19.182469421689454,4.139650545988625,11.793740434967448,69.34114870003582,11.793740434967448
1,6,59.87612625362568,12.620841542083172,35.956399595714146,215.5847783565912,35.956399595714146
1,7,59.26408948951255,13.640706031121908,38.86196298299544,216.6542314515331,38.86196298299544
1,8,78.4082321907724,17.552084505661572,50.005363122492746,285.23005969480994,50.00536312249275
1,9,52.09465731883659,11.558533852687054,32.929916801665705,189.21388875817547,32.929916801665705
1,10,75.27022967510855,16.55837166634984,47.17430500211746,272.9849940274431,47.17430500211746
1,11,71.54641443610475,16.082468745105416,45.81847183140738,260.45771513972164,45.81847183140738
1,12,71.74115631684927,16.816820778338627,47.910618782370534,263.1340877329184,47.910618782370534
1,13,85.34242564326718,18.40997369168821,52.44946372218416,308.47674065198566,52.44946372218417
1,14,59.920376485215776,13.84430854712563,39.4420204537839,219.20314990943123,39.4420204537839
1,15,90.0351328104739,19.2260956967668,54.77457087416078,324.87996930558245,54.77457087416079
1,16,26.28363031495036,5.872815530022038,16.73147557120297,95.58236651605407,16.73147557120297
1,17,33.4558841955933,7.553683536710623,21.5202181851262,121.8878707719061,21.5202181851262
1,18,85.6415988979482,19.393415479761,55.251259925167965,312.17605661901257,55.251259925167965
1,19,41.8032631409668,9.600697600159174,27.352099949743764,152.76188937264416,27.352099949743764
1,20,48.71423522150389,10.519118402977508,29.96865331292797,176.11135897743964,29.968653312927973
1,21,41.083585058752746,9.6050653190839,27.36454345015977,150.615298626418,27.36454345015977
1,22,81.50734477566168,18.15756694078821,51.73036444772181,296.2523987747068,51.73036444772181
1,23,30.285383899597477,6.757977787498843,19.253276334706342,110.10942803349877,19.253276334706342
1,24,67.28580545488407,14.583633531052172,41.548335192346876,243.4057515569991,41.54833519234688
1,25,81.71853450424615,18.05952618826188,51.451049279811116,296.60665279254954,51.451049279811116
1,26,49.17770204907703,11.227074447530242,31.985598882623922,179.518705029855,31.985598882623925
1,27,22.76915166965995,5.444132599151812,15.510170738966911,83.81762574794676,15.510170738966913
1,28,89.21963831201404,20.23892237690563,57.66008375464825,325.3189986906904,57.66008375464825
1,29,71.30336572295765,15.612014274599488,44.47816113368593,258.3882583025589,44.47816113368594
1,30,41.88548843494058,9.701196779820403,27.63841910293901,153.29488440776072,27.63841910293901
1,31,59.91302584574255,13.55299138476298,38.612066582318676,218.35114411954635,38.612066582318676
1,32,45.28427549061541,10.11321899203766,28.812258046673072,164.66508451851928,28.812258046673072
1,33,71.24653435750332,15.686267621619727,44.689706695673735,258.4293097681837,44.68970669567374
1,34,26.45040353308062,5.748137452167818,16.376271461143922,95.7274820603858,16.376271461143922
1,35,67.08944674007802,14.59555794189454,41.582307481735185,242.85064770196925,41.58230748173519
1,36,77.81524197703854,17.43193442694331,49.66305914637157,283.1087850774872,49.66305914637158
1,37,29.814145376782665,7.014176716081698,19.983179409822394,109.4256155401704,19.983179409822398
1,38,83.04849407338654,18.16899683081512,51.76292786211635,300.90841008227596,51.762927862116356
1,39,44.93128787623584,10.23465274166704,29.158219162777783,163.9520827914853,29.158219162777783
1,40,30.020002256574152,6.673227320324432,19.011824791757675,109.07183156148014,19.011824791757675
1,41,22.85666266627811,5.008938340726838,14.270315329522795,82.84030332835712,14.270315329522795
1,42,37.35164688094922,8.322478632742284,23.710492390532085,135.76543303337974,23.710492390532085
1,43,52.35853419621488,12.344545407871411,35.16924018361449,192.24484277225912,35.16924018361449
1,44,30.73629324621588,6.986090609250737,19.903162932558608,112.11204267120624,19.90316293255861
1,45,81.23011693899346,17.800681376725095,50.713608163395854,294.4039589803762,50.71360816339586
1,46,59.84060953214633,13.16713721461706,37.512779606788726,217.03460820322772,37.51277960678873
1,47,23.005627753812878,5.556905810219607,15.831458240067743,84.84834150150638,15.831458240067745
1,48,52.99354064582941,11.966979066338432,34.09356498360633,193.07418692109457,34.09356498360633
1,49,30.120371697090462,6.410720543592775,18.263950846167482,108.62506593743888,18.263950846167486
1,50,66.886402576171,14.582830814645778,41.54604827734409,242.20525600585705,41.54604827734409
2,1,31.723872015467595,7.454649475718557,21.238073111143336,116.40968915754613,21.238073111143336
2,2,84.01449927810728,18.86918967319852,53.7577563013173,305.80125413563917,53.7577563013173
2,3,53.67227728742773,11.360274890234525,32.36508295492063,193.38191481720384,32.36508295492063
2,4,32.07442524346118,7.062316773085696,20.12032899057139,116.34360472095493,20.120328990571394
2,5,26.672731828684856,6.191665713807063,17.639870196166218,97.65806568222078,17.639870196166218
2,6,84.01796018048914,18.02609708883072,51.355810776636524,303.40969131810397,51.355810776636524
2,7,84.23408923073325,18.831458541735767,53.65026143771812,306.35252912991785,53.65026143771812
2,8,109.54893977363584,23.936667515816584,68.19484891863954,396.84166823954706,68.19484891863954
2,9,73.76825750997337,16.02033780305771,45.641462638155375,266.9462351680755,45.641462638155375
2,10,105.14864554650352,23.215827482057943,66.14119724953414,381.5871338890447,66.14119724953414
2,11,100.6631779478935,22.22438721882589,63.31661363035278,365.3061474740333,63.31661363035278
2,12,100.00761751170144,22.352420747923656,63.681377320518635,363.704229855623,63.68137732051864
2,13,118.36968896224056,26.063029950222763,74.2527918158613,429.361858702583,74.2527918158613
2,14,84.85510579158077,18.285252233720776,52.094136023481674,306.659453398224,52.09413602348168
2,15,122.5342417935192,26.54804738482057,75.63459196216186,443.2373173427195,75.63459196216186
2,16,37.387115333424624,8.40143508549421,23.935436959905058,136.09678296017893,23.93543695990506
2,17,47.80819522141494,10.398637208393938,29.62540599762249,173.04999166186732,29.62540599762249
2,18,119.43581657245852,26.213812633700407,74.68236716558407,432.98981688295964,74.68236716558407
2,19,58.46591446262942,12.80404242243069,36.47833341748803,211.87607680537627,36.47833341748804
2,20,68.72597135978386,15.18302631576328,43.2559872859095,249.43390136526108,43.2559872859095
2,21,58.341895122207966,13.041538016032511,37.15495125135387,212.18063661797777,37.15495125135387
2,22,113.4447970050156,24.25738564409541,69.1085652615261,409.4429562765729,69.1085652615261
2,23,42.66351489610212,9.765281973224845,27.82099589978218,155.81154058808855,27.82099589978218
2,24,95.4372840010836,20.9508807285339,59.68843177734489,346.0002837805957,59.68843177734489
2,25,113.90298771442107,25.192955244630923,71.77397503584966,413.48293817911286,71.77397503584966
2,26,69.47778036330337,14.999907590376573,42.73428752115867,251.16762861106878,42.73428752115868
2,27,32.102412753143334,7.309269562275352,20.82389009145134,117.13112835088134,20.823890091451343
2,28,122.50993460874491,26.609594291413345,75.80993725589293,443.33974108212766,75.80993725589293
2,29,99.4464534929839,21.43488150284537,61.067335488935726,359.40669596788746,61.067335488935726
2,30,58.67766951996464,13.274015260062582,37.817271957574846,213.85028051746878,37.81727195757485
2,31,84.21968324336866,19.143747955717288,54.53996462598726,307.19901435609324,54.53996462598727
2,32,64.23524704405399,14.99886143864159,42.731307066194915,235.43704819835688,42.731307066194915
2,33,98.99788091938312,21.886012346740348,62.35259375312927,359.3462365112786,62.35259375312927
2,34,37.672492161557656,8.286175118908321,23.60706476680431,136.62454125147727,23.607064766804314
2,35,95.61047875977508,21.451972841323872,61.11602820042485,347.94746447975007,61.11602820042486
2,36,109.68473727485328,23.7704035830034,67.7211679531784,396.77537977773824,67.7211679531784
2,37,42.43829082313996,9.767994794411292,27.828724646101218,155.1435971155211,27.828724646101218
2,38,114.19013611535551,24.821916780541617,70.71689756318749,413.28730590925403,70.71689756318749
2,39,62.49403866335731,14.141783295520968,40.28951710345436,227.77163309352628,40.28951710345436
2,40,42.34166394861867,10.075578663733063,28.705021878552177,155.73001372440817,28.70502187855218
2,41,32.224072452536426,7.464758830292501,21.26687435957859,117.93909171718786,21.266874359578594
2,42,53.2905954433496,11.456375137776297,32.63886968224283,192.51065601229163,32.638869682242834
2,43,73.83210091461278,15.821823634971553,45.07590171820277,266.5722044620411,45.07590171820277
2,44,42.68324692949885,9.797939101946096,27.91403508152252,155.96377587001905,27.91403508152252
2,45,114.34180043798452,24.997927277055982,71.2183461967519,414.2437475107055,71.2183461967519
2,46,84.25534672249323,19.34839273566329,55.12299147553448,307.88903164301416,55.122991475534484
2,47,31.550186123114457,6.7947891555229125,19.35815081981297,114.00870918915635,19.358150819812973
2,48,74.4285639931171,15.862456770713283,45.191664305086135,268.4773562844374,45.191664305086135
2,49,42.39685239609501,9.431751340581512,26.870777115658566,154.0613343039436,26.870777115658566
2,50,94.7560806976252,21.261575197017592,60.57359101365471,344.8418331065303,60.57359101365471
3,1,28.549287599301064,6.284541911403895,17.90447170174625,103.55233449964943,17.90447170174625
3,2,74.73265041735064,16.738125080637936,47.68641709632967,271.8843683483816,47.68641709632968
3,3,47.46832086840346,10.386623200723246,29.591178449553453,171.99614105476383,29.591178449553457
3,4,28.496085247666617,6.7842887521218165,19.328235484979942,104.8164912279798,19.328235484979942
3,5,23.98197239656383,5.204620968463558,14.827809275816293,86.77372646550778,14.827809275816293
3,6,74.83767963810432,16.63829299314153,47.40199846873453,271.9150373830475,47.40199846873453
3,7,75.1539489617606,16.533180384764165,47.10253579528585,272.5643826805677,47.10253579528586
3,8,97.80902751052444,21.52339775670365,61.31951564537232,354.74659817694567,61.31951564537233
3,9,65.28837496505307,14.271656289151707,40.65952137298802,236.52464626814722,40.659521372988024
3,10,93.9471901288982,20.16583778161498,57.45186793133731,339.29343831803186,57.45186793133732
3,11,89.33473816102126,19.315256040565256,55.0285860235483,323.0328005066121,55.02858602354831
3,12,88.58201462807355,19.302273684328632,54.991599679414165,320.7376435636348,54.991599679414165
3,13,107.54714056626015,23.055572122884666,65.68463453043373,388.32605622921415,65.68463453043374
3,14,75.58314157164679,16.74113581664464,47.69499459304994,274.4444193079903,47.69499459304995
3,15,111.97995116222596,24.25629115870203,69.10544710541701,405.04530059209486,69.10544710541701
3,16,33.168983275446365,7.439620306956325,21.195255459419847,120.70220528575894,21.19525545941985
3,17,42.71091764985075,9.307094566187988,26.515633698521068,154.6483866480733,26.515633698521068
3,18,106.48709620744752,23.68467686888824,67.47693511193131,386.9382237342739,67.47693511193131
3,19,51.80633995293217,11.9997074633845,34.1868072066698,189.60582706546631,34.186807206669805
3,20,61.566113403474816,13.00484221960354,37.050406026260646,221.7487462366851,37.050406026260646
3,21,52.22714082903854,11.658549287463948,33.21485778017224,189.89628026728786,33.21485778017224
3,22,101.92793070789952,22.72664630968946,64.74753473901681,370.5313268627154,64.74753473901681
3,23,37.83558721965459,8.659497558653953,24.6706492177129,138.17741087667667,24.670649217712903
3,24,84.69566108573134,18.3232835319934,52.202486053333054,306.2894693105271,52.202486053333054
3,25,102.51680793361092,22.512417337643075,64.1372028131944,371.6876266140271,64.1372028131944
3,26,60.85560978138391,14.283881803260668,40.69435149656568,223.2611808407174,40.69435149656568
3,27,28.35966145630073,6.591873301255386,18.780049627747406,103.8590339966496,18.780049627747406
3,28,110.84384174019624,23.75094731946286,67.6657376410102,400.1972628615989,67.6657376410102
3,29,89.8003959707996,19.717904395997856,56.175719130022756,325.5769070424215,56.175719130022756
3,30,52.18943601623966,11.496086696200445,32.75200672294697,189.32031477166595,32.75200672294698
3,31,75.1706470491989,17.135372237327463,48.81816234933539,274.3301034969321,48.81816234933539
3,32,57.005443850756144,12.973939357773014,36.96236469835676,207.9786962506252,36.96236469835676
3,33,88.90891798398168,19.57200410219973,55.76005356228349,322.48680751422853,55.76005356228349
3,34,33.21186220030069,7.536788720719332,21.47208536031786,121.10767196121995,21.472085360317863
3,35,83.21172862846221,18.00347622072919,51.29136460084481,300.92655048623146,51.29136460084481
3,36,98.5957040727658,21.647690805490527,61.673622819149,357.4607350374464,61.673622819149
3,37,37.7819413785658,8.443741742509228,24.055967358778897,137.4017914944763,24.0559673587789
3,38,102.63101187737024,22.69590541588985,64.65995485318253,372.5529904852932,64.65995485318253
3,39,57.18205894732368,12.609353522272682,35.923670571307014,207.46984741327805,35.923670571307014
3,40,38.40434081999427,9.239383356136084,26.322726488837983,141.53574894882078,26.322726488837983
3,41,28.547261722973516,6.517799593224177,18.56901585185968,104.21080102078022,18.569015851859685
3,42,47.54408895712049,10.708098094032502,30.507050793348782,173.13931766471026,30.507050793348782
3,43,65.61828071235352,14.679124353391806,41.8203856855187,238.6752278225793,41.82038568551871
3,44,37.38589250067713,8.767926406437446,24.979559757917862,137.13723725994925,24.979559757917862
3,45,102.95552029735607,22.976032713576448,65.45802913528973,374.32459002735794,65.45802913528973
3,46,75.55293977406679,16.95413361188391,48.30181893301906,274.9606382552194,48.301818933019064
3,47,28.584066181365536,6.820693769782227,19.431952290069525,105.18415083416613,19.431952290069525
3,48,65.68856824069553,14.544800205468375,41.437700210704364,238.50340493279094,41.437700210704364
3,49,37.63474562535669,8.48843703095813,24.183302897075272,137.08753977314535,24.183302897075272
3,50,83.97215527069515,18.88101116881744,53.79143538831603,305.70790120040147,53.79143538831603
4,1,25.77990406169839,5.943778148246023,16.93364594539804,94.27335813049321,16.93364594539804
4,2,69.39392490058398,15.555240583826826,44.31641458888236,252.49818929063431,44.31641458888237
4,3,43.56250234621405,9.854023579637255,28.073818078896828,158.761325117539,28.07381807889683
4,4,26.03685073583234,6.1428779368606525,17.500875280698626,95.61142748819564,17.500875280698626
4,5,21.949782489227555,5.05175894723186,14.392309955102354,80.24165742278501,14.392309955102355
4,6,68.61740545560475,15.278653975514136,43.52842762476801,249.38064399158228,43.52842762476801
4,7,69.33621567729018,15.901299620652996,45.30232642133342,253.31097345320399,45.30232642133342
4,8,91.4851579999358,20.192195040445007,57.52695897242043,331.9824329722278,57.52695897242043
4,9,60.57900499175015,13.04603355438987,37.16775890550563,218.9047738807561,37.16775890550563
4,10,86.32149399134603,18.4032469485509,52.430299432432456,311.39478140647054,52.43029943243246
4,11,82.4515733951106,18.606489204256192,53.00933053241943,300.36405071775124,53.00933053241944
4,12,81.91341985712884,18.04256688160839,51.402732723037474,297.142992294424,51.40273272303748
4,13,98.14130047848263,21.937801508735184,62.50013952471702,356.9240409601649,62.50013952471702
4,14,69.35070725880392,15.983732198083969,45.53717436581712,253.58929614222887,45.53717436581712
4,15,103.45330290886946,22.413119257336984,63.854305556092505,374.21421428270094,63.854305556092505
4,16,30.933171557153123,6.947643199015871,19.793627412188147,112.59314208364752,19.793627412188147
4,17,38.97864902756766,8.633041739996584,24.59527738263326,141.53122446533627,24.59527738263326
4,18,99.30195784637684,22.36737033429925,63.72396824440585,361.6298417835364,63.72396824440585
4,19,47.95594629743296,10.69201636531094,30.461234429822287,174.3290733221212,30.461234429822287
4,20,56.33330651465148,12.84622208257768,36.59850200608805,205.59842155004247,36.59850200608805
4,21,47.45575693204516,10.729680103692878,30.568537292552463,172.93580808868793,30.568537292552463
4,22,94.6122402546465,20.141110053618856,57.38141937480026,341.2181401387397,57.38141937480026
4,23,34.94142462274571,7.558300310834637,21.533371236346493,126.35764510458363,21.533371236346497
4,24,78.46451177121318,17.11090640494131,48.74845992554812,284.1419952391877,48.74845992554812
4,25,94.28886234922028,21.419821152319475,61.02442900130137,343.89101604896223,61.02442900130137
4,26,57.01228866786927,12.812525977800112,36.50250281267758,207.5393688162854,36.50250281267758
4,27,26.16877663104469,6.0749963211004205,17.307482590255677,95.81381248338974,17.307482590255677
4,28,102.6788059008392,23.065824447124164,65.7138430951646,373.75026079768224,65.71384309516462
4,29,82.91447658102506,18.15952168049303,51.73593344260205,300.47936318567724,51.735933442602054
4,30,47.92429269729245,11.10439722410664,31.636095146917903,175.40897323879526,31.636095146917906
4,31,69.00465099401184,14.697928211696317,41.87395731470711,248.88791029674263,41.87395731470712
4,32,52.25731891953712,12.236641342357215,34.86182473237905,191.63378149099043,34.86182473237905
4,33,82.3565092201377,18.26141195521035,52.02621578395282,299.0957434443659,52.02621578395282
4,34,30.770284408195668,6.715674653772973,19.13275597357777,111.44360919816478,19.13275597357777
4,35,78.24290670730808,17.046636173252313,48.56535596017361,283.2940760820979,48.56535596017361
4,36,90.90906522355664,19.58807868231791,55.80584955965301,328.53304523032295,55.80584955965301
4,37,34.844613014987345,7.764052358351102,22.1195526580425,126.65339170300453,22.1195526580425
4,38,94.78595310441273,20.92481284526913,59.61416515858123,343.9720244718194,59.61416515858123
4,39,52.57102857725908,11.32247634361122,32.25739602754792,189.97048175932514,32.25739602754792
4,40,34.731010717735536,8.272808394530593,23.568983369346874,127.7620155225535,23.568983369346878
4,41,26.3548792879777,6.056626778231709,17.25514831273737,96.31978617667048,17.25514831273737
4,42,43.54908598291709,9.620699841608571,27.40908573662385,158.0563436853751,27.409085736623855
4,43,61.4078039860481,13.593104242930814,38.726346913974815,222.94975887211913,38.72634691397482
4,44,34.93603374330373,7.649601652018584,21.793486023168605,126.6015872530798,21.793486023168608
4,45,95.04844875362696,20.99074088942055,59.80199218201449,344.94733844289533,59.80199218201449
4,46,69.26120393404794,15.386888578328628,43.836784766873365,251.62039656901717,43.836784766873365
4,47,26.34340522961071,5.787602762888149,16.488706949514295,95.51892263834642,16.488706949514295
4,48,60.54904520289646,13.5846917751699,38.70238004525304,220.34951565394243,38.702380045253044
4,49,34.8896195002977,8.004902358910932,22.80572709687694,127.47458559777003,22.80572709687694
4,50,77.38452828167051,17.723034810067894,50.49239542027945,282.645980265291,50.49239542027945
5,1,19.299978582540525,4.225552243316088,12.038471798146148,69.93840754576772,12.038471798146148
5,2,50.545442881471,11.45870735834479,32.64551410879921,184.2818427532122,32.64551410879921
5,3,31.420790407791245,7.327553662023863,20.87598094407897,115.13835216745271,20.875980944078975
5,4,19.00644053208243,4.105878786398402,11.697525703261373,68.71684729950866,11.697525703261375
5,5,16.636172447807482,3.7541588881520993,10.695486246150768,60.60400358957321,10.695486246150768
5,6,50.41443643547728,11.123272519959126,31.689870299541152,182.93317960597298,31.689870299541152
5,7,50.27755471291597,11.717666099212789,33.38327980646724,184.21594394521517,33.38327980646724
5,8,66.42782966190944,15.020784517724351,42.79376526196893,242.07725424769725,42.79376526196893
5,9,43.8952445393179,9.714442410289058,27.676155507475908,159.3618891254296,27.67615550747591
5,10,63.23792670136994,13.936424963940985,39.70445736667074,229.41823747078058,39.70445736667074
5,11,60.05422866237701,13.626185003080131,38.82059300896719,218.98327899609822,38.820593008967194
5,12,59.45226608970214,13.892688796102188,39.57985433426966,217.9366526033761,39.57985433426967
5,13,72.38222355469422,16.199966548455137,46.15321955443155,263.2998902185142,46.15321955443156
5,14,50.347308758570456,10.717186413770612,30.532943144113784,181.57486941982515,30.532943144113787
5,15,75.32543388837422,16.788120026792893,47.82885120072119,273.80515286584387,47.828851200721196
5,16,22.03714796722586,5.121696241476197,14.591559211984901,80.70300311366248,14.591559211984901
5,17,28.58845302528293,6.832556887116776,19.46574995608962,105.23110903193842,19.465749956089624
5,18,72.32956948639443,15.814992255181265,45.056439321760294,262.0451477809436,45.0564393217603
5,19,35.04052992281632,7.946847813270995,22.640331434914394,127.76192120336336,22.640331434914398
5,20,40.73398107180183,9.187081914824212,26.173721248817273,148.37566446422278,26.173721248817277
5,21,34.36480097632171,7.7527532160067825,22.08736173988015,125.18176466884529,22.08736173988015
5,22,69.05319227499966,15.270305919732992,43.504644263847645,250.6642210888466,43.504644263847645
5,23,25.489197099921206,5.829841729186056,16.609044499562227,93.07663579932586,16.609044499562227
5,24,56.49117751167461,13.620978440404386,38.80575966782548,208.2792922028493,38.80575966782548
5,25,69.60573765820253,15.414491610017182,43.91542497752313,252.7326379521307,43.91542497752313
5,26,41.07743041828673,9.063694206684152,25.82219336343103,149.05448461829124,25.82219336343103
5,27,19.330768931451097,4.545690744443178,12.950536800635565,70.94284359498886,12.950536800635565
5,28,75.27597551246727,16.778004716288674,47.80003298401895,273.6279595214208,47.80003298401895
5,29,59.45216405427745,13.797813281199934,39.30955683356025,217.6660489963926,39.30955683356025
5,30,34.56528275523267,7.800741788222007,22.22407974500246,125.91992801070047,22.22407974500246
5,31,50.73940605913669,11.189094920860422,31.877396348518516,184.0956145259286,31.877396348518516
5,32,37.95839586253671,8.591178194598392,24.47600939548585,138.35119698309597,24.47600939548585
5,33,59.77760643757052,13.972958374151489,39.808539958290545,219.1413592710021,39.808539958290545
5,34,22.414507581437928,4.926737628856134,14.0361279630766,81.27965070739037,14.036127963076602
5,35,57.08267066096145,12.761357565270414,36.35672553772635,207.60473752061068,36.35672553772635
5,36,65.59114962783427,14.49487860700147,41.29547507167955,238.06892395518236,41.295475071679554
5,37,25.48400186365559,5.953718494210243,16.96196569336551,93.41397128433228,16.96196569336551
5,38,69.08330432739488,15.266152583239576,43.492811532558314,250.74272451474295,43.492811532558314
5,39,37.57459915065087,9.11091131284168,25.956713484858135,138.68051093681075,25.95671348485814
5,40,25.180089796942703,5.865865163592926,16.711674185389793,92.25194357621791,16.711674185389793
5,41,19.432494590426,4.465220044094964,12.721278185208105,71.0187619564861,12.721278185208106
5,42,31.295955645382893,6.80274385700347,19.380813526110792,113.26868046225948,19.380813526110792
5,43,44.20086135704419,9.93664542700118,28.30920524775142,160.91178931888402,28.309205247751425
5,44,25.112679583689868,5.983703447670201,17.04739192781035,92.38543067887996,17.04739192781035
5,45,69.12241056592457,15.116653146222266,43.0668921135715,250.43412381134522,43.0668921135715
5,46,50.51615692616465,11.220745582992896,31.9675681370882,183.51603891558213,31.9675681370882
5,47,19.24119750224227,4.476657910610712,12.753864324380467,70.47745683110728,12.753864324380467
5,48,44.47390952353216,9.959377806986772,28.373969117561384,161.79569768815787,28.373969117561384
5,49,25.752824013285352,6.120453801705154,17.436989591178566,94.69546163103462,17.436989591178566
5,50,57.17827281465144,13.337701124056814,37.99871107688709,209.5335295208414,37.9987110768871
6,1,18.88159626677894,4.027468270232207,11.474136490871931,68.11892529120874,11.474136490871931
6,2,50.898513616251805,11.626401199605391,33.123268840605405,185.81880968936082,33.12326884060541
6,3,31.482260916159223,7.213656053695831,20.551490068856168,114.99827281733384,20.551490068856168
6,4,19.14829724740519,4.474282483824742,12.747096804604398,70.19198854681997,12.747096804604398
6,5,16.260371820968565,3.558168216003581,10.137114690553096,58.91823015345879,10.137114690553098
6,6,50.51309012162878,11.136064067628473,31.726313035781285,183.26558340066762,31.726313035781285
6,7,50.10358723461663,11.550176983271465,32.90610833096474,183.21687003481463,32.90610833096474
6,8,65.9061204806174,15.369658549598403,43.78769693101046,241.50605837286267,43.78769693101046
6,9,44.79895905646815,9.89382474817934,28.18721041614341,162.58408758554785,28.18721041614341
6,10,62.642624152282416,13.658896529637373,38.91378716851322,226.84165962536045,38.91378716851322
6,11,59.68712852011529,13.486305079585918,38.422079295931084,217.48346485627695,38.42207929593109
6,12,59.41057824772305,13.00877942726554,37.061623012981705,215.29335775615087,37.061623012981705
6,13,72.78190437231694,16.714471485518114,47.61902871219003,265.96474182914085,47.61902871219003
6,14,50.9760867828188,11.43335898960448,32.573297365368354,185.50155771382472,32.573297365368354
6,15,74.9835654742277,17.44474875858113,49.699566793455574,274.6502632161387,49.699566793455574
6,16,22.387531955121265,4.914016291704535,13.999885254498928,81.16248111986272,13.99988525449893
6,17,28.330939467952955,6.002958134880091,17.102247955049165,102.09506635890803,17.102247955049165
6,18,72.21068706380674,16.121323726367798,45.92916850942965,262.5612297008499,45.92916850942965
6,19,34.47679492257705,7.80106847579341,22.22501046811004,125.65539523584118,22.225010468110042
6,20,40.82549107439056,9.197678687207578,26.203911135994815,148.6803843591665,26.203911135994815
6,21,34.70256859020979,8.4168535756384,23.9793637765867,128.0870695472161,23.9793637765867
6,22,68.58295677612452,15.868514464818668,45.20892249418196,250.95779282255552,45.20892249418196
6,23,25.35067611783829,6.03414173153935,17.191089088072914,93.24311744158778,17.191089088072914
6,24,56.947337125052265,13.069482462293962,37.23456414189745,208.07657551705427,37.23456414189746
6,25,69.21898372291635,15.9299022863034,45.38381455920437,253.04076572795344,45.383814559204374
6,26,41.0338742443378,9.107379778407768,25.946652249015163,149.04827498202857,25.946652249015166
6,27,19.555819286677465,4.478651542862861,12.759544122963325,71.42700198299572,12.759544122963327
6,28,74.91511946848267,16.32344961141241,46.50501910283643,271.2503775082845,46.50501910283643
6,29,59.29916734714093,13.556738700883123,38.62274257372369,216.52024461514648,38.62274257372369
6,30,34.22107292916346,7.928324514635911,22.587559111822227,125.25077789931262,22.58755911182223
6,31,50.805082142771575,11.169543260242442,31.821694252933547,184.23694068124829,31.82169425293355
6,32,37.83829754085381,8.961960271057418,25.532356427467427,139.04724905002885,25.532356427467427
6,33,59.728472809760525,13.85055010165632,39.45980245572534,218.64522088500692,39.45980245572534
6,34,22.364962796835705,5.0618037601091554,14.420927326176692,81.51581571668382,14.420927326176693
6,35,56.18702769198115,12.484764942672705,35.56872143909409,204.12980451503756,35.56872143909409
6,36,66.40203808744914,15.353508208833675,43.74168509382771,242.94779935617515,43.74168509382771
6,37,25.264623394066607,5.419544739654975,15.440120663595659,91.23399084579549,15.440120663595659
6,38,69.01373800772649,15.649911566888385,44.58612938450277,251.62734340768225,44.586129384502776
6,39,37.49798523938989,8.453393104932923,24.08346380129363,136.5774195194633,24.083463801293632
6,40,25.80307154984187,6.054420879868731,17.248863774361517,94.65807842388713,17.24886377436152
6,41,18.927406572081345,4.454327725601298,12.690246296013068,69.4724660122571,12.69024629601307
6,42,31.23684804811656,7.163406487647256,20.408330560012867,114.11887470436255,20.40833056001287
6,43,44.513099464418296,10.069527511355302,28.687782326642434,162.22708071989732,28.687782326642434
6,44,25.241979862034132,5.753556028364107,16.391708822456476,92.11764840855888,16.391708822456476
6,45,69.28639955440596,15.482649553174236,44.109604916444425,251.9688035796623,44.109604916444425
6,46,49.70367786922827,11.229780088178916,31.99330717180589,181.1043407794907,31.993307171805892
6,47,19.162992407521745,4.2899083912271925,12.221820536264495,69.71079775882973,12.221820536264495
6,48,44.3233254243804,10.25186670533176,29.207261229750177,162.17723750289136,29.20726122975018
6,49,25.25592543117856,5.802419232555447,16.53091862788604,92.29869492142173,16.53091862788604
6,50,56.7504538081924,12.928155690278524,36.831928400753306,207.0832898253305,36.831928400753306
7,1,17.621515802448485,3.992945264231458,11.37578148063992,64.24032888798537,11.375781480639922
7,2,46.00287528440816,10.739995876198464,30.59792661949334,168.60655247271782,30.597926619493343
7,3,29.090088126679998,7.2570280539700125,20.67505559877142,107.94531997881141,20.675055598771422
7,4,17.455637538064064,4.058602171902342,11.562836044359887,63.92974865855207,11.562836044359887
7,5,15.197159919811172,3.2306017809249714,9.203887726680923,54.79536748611444,9.203887726680923
7,6,46.22691930757288,10.509073372873951,29.940035322982514,168.62079324570115,29.940035322982517
7,7,46.26727040640449,10.259137250633618,29.227974795583375,168.02978601479685,29.227974795583375
7,8,60.51177628687193,12.913244154147664,36.789445880873835,218.32477474148962,36.789445880873835
7,9,40.96287461853029,9.018646247227483,25.693853075995005,148.5824769315859,25.693853075995005
7,10,58.03638104938487,13.461860862420997,38.35243845326179,212.46158160141638,38.35243845326179
7,11,54.96407358980573,13.055012441510026,37.19333948601926,202.08556025543643,37.19333948601926
7,12,54.95890054203868,12.38226768630328,35.27670982519381,200.15341145130984,35.27670982519381
7,13,66.2162367643815,14.986755016135476,42.69681623102732,241.34552652417185,42.69681623102733
7,14,46.17243334921962,9.820349823853745,27.977882557101147,166.49518260476,27.977882557101147
7,15,68.71545107307496,15.596865384209854,44.4350023986313,250.58135561785616,44.4350023986313
7,16,20.16632200476361,4.665050707791424,13.290589761729231,73.78955577602007,13.290589761729231
7,17,25.91474376832158,6.175710081811703,17.594413078436443,95.33864438340117,17.594413078436443
7,18,65.83309267064924,14.345506450368772,40.86991827069682,238.3691962826445,40.86991827069682
7,19,31.98899795846568,7.286843174200499,20.759997983431507,116.72699185882854,20.759997983431507
7,20,37.50828716803703,8.536152088360792,24.31924166668757,136.84410317079866,24.319241666687574
7,21,31.975663093535086,7.274802491989138,20.72569444039493,116.65268372100019,20.725694440394932
7,22,63.126971652276765,14.1661672824579,40.35898635200784,229.7399013088381,40.35898635200784
7,23,23.39354330300211,5.418764228735245,15.437897011359391,85.61852692036574,15.437897011359391
7,24,51.47823487288971,11.360224051663105,32.36493811735312,186.79964273602224,32.36493811735312
7,25,63.95667884347687,14.359683899813652,40.910309399591696,232.7803459300223,40.9103093995917
7,26,37.267501625395546,8.229654469087022,23.446039128093325,135.24854400427998,23.44603912809333
7,27,17.740604738242556,4.257140792119841,12.128466627702418,65.3502808424301,12.128466627702418
7,28,68.4545859548866,15.722830637634235,44.79387363334255,250.15763149800233,44.79387363334255
7,29,54.86453511075805,12.223149475035171,34.82338680642093,199.41699213869506,34.82338680642093
7,30,31.46713167790209,7.127292289642467,20.305442291412945,114.70683732511921,20.305442291412945
7,31,46.80224241890877,10.629096095664712,30.281976465880177,170.68870372260648,30.281976465880177
7,32,34.38840935105591,8.05169042678224,22.939024901075058,126.1042529542428,22.939024901075058
7,33,54.521115590594,12.344258922509848,35.168423995398804,198.7317707671808,35.168423995398804
7,34,20.67993180980157,4.743839012760848,13.51505528310539,75.5548507125101,13.515055283105392
7,35,52.26910075162696,11.765186574956594,33.51866421876063,190.3259664736415,33.51866421876063
7,36,60.41967433292938,13.605629079377962,38.76202979793014,220.02105279671827,38.76202979793015
7,37,23.13309485134129,5.260312488824006,14.986472749523339,84.38575730354721,14.986472749523339
7,38,62.34623384330817,14.175980073568264,40.38694270001657,227.42564422994107,40.38694270001657
7,39,34.49626056769624,7.872786766377897,22.429333730229988,125.9181154333187,22.429333730229988
7,40,23.252340724413006,5.3201184980961,15.15685827892263,84.91388045216165,15.15685827892263
7,41,17.687970137029115,4.071362777442512,11.599190627400624,64.66310103848798,11.599190627400624
7,42,28.708165942489916,6.45074260038334,18.37797248741902,104.50247031488877,18.37797248741902
7,43,40.492020294519065,9.318526129821183,26.548201880969792,148.02426276452698,26.548201880969795
7,44,23.35485667226167,5.331737800484747,15.189961323463404,85.25453134024842,15.189961323463406
7,45,63.37102023141764,14.448335250555171,41.162874443002885,231.2759351372558,41.16287444300289
7,46,46.42030061198398,10.255887246676346,29.218715631637323,168.47961746758926,29.218715631637327
7,47,18.208194539312647,4.229464592048981,12.049617962522635,66.67420158046058,12.049617962522635
7,48,40.61396372651664,8.685640424262024,24.74512945892712,146.58702063847704,24.745129458927124
7,49,23.283832205993207,5.130598922134602,14.616922682571172,84.46841930055079,14.616922682571172
7,50,51.54541109479478,11.747801701941947,33.469135236168526,188.10536852055287,33.46913523616853
8,1,30.19803401037123,6.780866005958627,19.31848418366236,109.91258621477606,19.318484183662363
8,2,80.62064676705884,18.57460882505661,52.918504286804925,294.78044458798144,52.918504286804925
8,3,51.02930446168261,12.010401655031746,34.217274638412704,187.30518802346052,34.217274638412704
8,4,29.732735480369083,7.195137960647231,20.498732576324006,109.69693901743125,20.498732576324006
8,5,25.783069206394465,5.8878309766347074,16.77425412893329,94.1234617481167,16.77425412893329
8,6,80.54910046761661,18.42036412898725,52.47906576688559,294.12636716973543,52.4790657668856
8,7,80.32700928394225,17.23904501550978,49.11352298967712,290.09455084150386,49.11352298967712
8,8,106.3549604304638,23.09813318203514,65.80588971337286,384.87077100476426,65.80588971337286
8,9,71.96976832132705,16.195527708556586,46.14057343249099,262.04987839647214,46.14057343249099
8,10,100.30569692383536,21.826509766469457,62.18307268386758,363.10016345537366,62.18307268386758
8,11,95.5570166041595,20.730393038676667,59.06026895190988,345.7313187643884,59.06026895190988
8,12,95.43745457163392,21.114900455790668,60.15571906838325,346.468082783285,60.15571906838325
8,13,114.5893308941947,24.73349697236782,70.46499217761772,414.23298486020184,70.46499217761772
8,14,80.6584325304661,17.76664453563469,50.616638222434176,292.5919358138325,50.616638222434176
8,15,118.91419260721426,25.48814516768696,72.61496228655237,429.35754010819517,72.61496228655237
8,16,35.870620056255646,8.255663457415217,23.520137956946417,131.13199812571335,23.520137956946417
8,17,44.91328032721655,10.08881279172573,28.74272551287945,163.4825664945291,28.742725512879453
8,18,114.45923600876736,24.83450136798452,70.75275067594033,414.13045870224244,70.75275067594033
8,19,56.39638038729552,12.73199608659249,36.27307556426426,205.4622167261508,36.27307556426427
8,20,65.265398046869,14.527104319929986,41.387285162746046,237.18347930335304,41.38728516274605
8,21,55.85754727162188,12.241078411125024,34.874465808421164,202.4471076232868,34.87446580842117
8,22,110.05163577371636,23.86648070283545,67.99488879034821,398.14979611149727,67.99488879034821
8,23,40.73334783787116,9.193715370763616,26.192619766135827,148.3926632797493,26.19261976613583
8,24,90.82922526786894,20.43818772371847,58.227784760297546,330.71546056390434,58.22778476029755
8,25,109.83840021651064,24.187441434987534,68.9092963044044,398.4244969539363,68.9092963044044
8,26,66.04177182746625,14.53276668588537,41.40341707378147,239.52873255618022,41.40341707378147
8,27,30.429058645635823,7.130721540592489,20.315212124673415,111.60238806158088,20.31521212467342
8,28,118.9287716156072,25.670290854810823,73.13388989443203,429.92020474125366,73.13388989443204
8,29,95.71468504528582,21.016621223355315,59.875724478353526,347.01977961421096,59.87572447835353
8,30,55.527261219335166,13.382385683072217,38.12601604734874,204.70779970535423,38.12601604734874
8,31,80.65417886956212,17.60906757004136,50.167706166432886,292.13024277511926,50.167706166432886
8,32,60.97551196319212,14.096740933067956,40.16119276171413,223.0877286512905,40.16119276171413
8,33,96.25331840456298,21.2954787970062,60.67018135470756,349.4301365683965,60.670181354707566
8,34,35.71223781238213,8.174121687199596,23.28782789554216,130.42454133268853,23.287827895542165
8,35,90.40460987418092,19.78384100510548,56.36357055475975,327.57740017730254,56.36357055475975
8,36,105.928689633686,23.66167009322012,67.4113894970392,385.1974583980972,67.4113894970392
8,37,41.00311732890358,9.034398137912088,25.7387297408319,148.74808172754263,25.7387297408319
8,38,109.7126673357058,23.72725483472256,67.59823846150644,396.7362404686238,67.59823846150644
8,39,61.03349403990738,13.663348923648874,38.926471905715665,222.0269540254378,38.926471905715665
8,40,40.61316235187697,9.00543011018862,25.65620069735634,147.49568775298724,25.65620069735634
8,41,30.832642714923274,6.6660695189755526,18.991432430070155,111.48936057483996,18.991432430070155
8,42,50.65513924607731,11.236883813728316,32.0135454731601,183.97896321139203,32.0135454731601
8,43,71.0977693438807,15.820991843480172,45.07353196915357,258.36684000079566,45.07353196915358
8,44,40.80179579613269,9.141026062852536,26.042509505789454,148.44789689418752,26.042509505789454
8,45,109.18773774418588,24.097059857230786,68.65180189604213,396.21501512859976,68.65180189604213
8,46,80.95360235717682,17.850312180276994,50.85500483641627,293.7158119079468,50.85500483641627
8,47,30.800798761451126,6.971169771098352,19.860653911498385,112.26305019585178,19.86065391149839
8,48,71.35709223465257,16.320622452958762,46.4969646130672,260.5682413170249,46.496964613067206
8,49,40.91070969555248,9.455985000584386,26.939818087278766,149.6719471739362,26.939818087278766
8,50,91.04101818804804,19.98737427876826,56.94343075619247,330.0664853203366,56.94343075619247
9,1,26.39355586856105,5.946177237689735,16.940480879377393,96.12114848506054,16.940480879377393
9,2,69.19999846522609,15.221463200344196,43.36549281900707,250.96548821468534,43.36549281900707
9,3,43.452962222147406,9.240437883545091,26.325730805846202,156.68461747228844,26.325730805846202
9,4,26.19792551645529,6.1667507037075175,17.568888078525063,96.16266462789093,17.568888078525063
9,5,22.147787438847534,4.830581407590502,13.762181768291374,80.20554408483397,13.762181768291374
9,6,69.22796288685237,15.143209707382434,43.14255096102466,250.82643962158176,43.14255096102466
9,7,69.54051755704755,15.288582161541031,43.556712729438196,252.17826540058084,43.5567127294382
9,8,91.1303223388028,20.36712873611284,58.02533983262015,331.41630684902856,58.02533983262015
9,9,60.951650547595605,13.647858908856678,38.882341317453815,221.73729296024064,38.882341317453815
9,10,87.41007925148391,19.20734636880437,54.721154600283924,316.9513923547356,54.721154600283924
9,11,82.54631134952623,17.516403302399233,49.90370844294713,297.54264249152584,49.903708442947135
9,12,82.69653811606315,18.66265324773581,53.1693402103423,301.25895455853174,53.1693402103423
9,13,99.3851512572297,21.62563578098147,61.610788714806866,359.7662424864959,61.61078871480687
9,14,69.39622222314948,15.069037688558366,42.93123710063221,251.11990377008064,42.93123710063222
9,15,103.80931715216668,22.831614647814025,65.04658639083573,376.4745378473358,65.04658639083573
9,16,30.772411782314144,6.957003033293754,19.820293299745888,112.13752864668831,19.820293299745888
9,17,39.424512852603264,9.363919146356274,26.677525225688782,144.95106378349857,26.677525225688782
9,18,99.54081001105024,22.756732294850448,64.83324880975226,363.455678842903,64.83324880975226
9,19,48.36592274286114,10.699596892727076,30.482831125416006,175.58059935399942,30.482831125416006
9,20,56.25276786263081,12.277705595402791,34.97881555955035,203.7371191474428,34.97881555955035
9,21,48.299031769361214,10.761056139720322,30.657926679573173,175.5550219876568,30.657926679573173
9,22,95.28838513215716,20.66642678790686,58.878031019070804,344.7431864155423,58.87803101907081
9,23,34.706651416307125,7.486541879432097,21.328933614238014,125.44888786315938,21.328933614238014
9,24,77.63840178782308,16.719090375277965,47.63218779079346,280.5473931542627,47.632187790793466
9,25,95.16437011003966,21.05739614575535,59.99189101118031,345.48500134129927,59.99189101118031
9,26,55.83400216064482,12.515060315651525,35.655032049452004,203.1570385313865,35.65503204945201
9,27,26.42425669502457,6.041584653410717,17.21229374959047,96.48506383466419,17.21229374959047
9,28,103.43687522631276,22.497682681805298,64.09522421997288,374.4058498989112,64.09522421997288
9,29,83.56156122058215,18.20189117910544,51.856642875304935,302.54132653705136,51.856642875304935
9,30,48.33302475513502,10.635019778899377,30.298852862018567,175.29792712742363,30.298852862018567
9,31,69.28956350060322,15.084801251064684,42.97614701813963,250.8448375199493,42.97614701813963
9,32,52.53836994401154,12.139815092423504,34.58596964598389,192.2010794780185,34.58596964598389
9,33,82.6010553361343,17.903706848122276,51.00712464609169,298.81029065449457,51.00712464609169
9,34,30.737471756725892,6.725006727035418,19.159342770833888,111.37175804101156,19.159342770833888
9,35,78.20552188956576,17.44264262329228,49.6935664770903,284.3101321457876,49.69356647709031
9,36,90.6373756016402,20.051394331058507,57.125821967952085,329.0379487728727,57.125821967952085
9,37,35.3656034500726,8.121429141861428,23.137708411862967,129.23451876208077,23.13770841186297
9,38,95.2395066765004,21.40482247880695,60.98169822963104,346.7002182591322,60.98169822963105
9,39,52.73279536496549,11.697752024696792,33.326545204540075,191.52493129943656,33.326545204540075
9,40,34.64416495202817,7.885033223350219,22.464223519398185,126.39671837548269,22.46422351939819
9,41,26.574927388997278,6.4146973040467925,18.275280517608508,98.00006268460034,18.275280517608508
9,42,43.03379764632072,9.914887511264,28.24721759740281,157.34861053636496,28.247217597402813
9,43,61.149833582490686,13.87413901724238,39.52700656981026,222.9765073172823,39.52700656981026
9,44,34.665213362959975,7.804042582243263,22.23348360831979,126.22912369719971,22.23348360831979
9,45,95.8541082805186,21.335975975777306,60.78555660425312,348.34788144580887,60.78555660425312
9,46,69.23904551526773,15.610356710950256,44.4734387844885,252.19057533029172,44.47343878448851
9,47,26.251804462650835,5.794630893277136,16.508729882520356,95.26414327047286,16.508729882520356
9,48,60.99458016011452,13.040742504897036,37.15268486395216,220.13642534429573,37.15268486395217
9,49,35.62036478351216,8.290875506550531,23.620456030433957,130.48155038097042,23.620456030433957
9,50,77.31787530201711,16.91433905368503,48.18844542844229,280.1420713344936,48.18844542844229
10,1,27.56667621371584,6.319908242186431,18.005229319026434,100.70525796017395,18.005229319026434
10,2,74.08914203048622,16.052449792557287,45.732948734578514,268.00037482603716,45.732948734578514
10,3,46.43282331408509,10.94614454418012,31.185238001017048,170.48370794327232,31.185238001017048
10,4,27.853385232396622,6.350934151644808,18.093621205937147,101.65377690312701,18.09362120593715
10,5,23.83476650879391,5.1042198196288,14.541769409509925,86.04606893589165,14.541769409509925
10,6,74.01926724789932,16.23822725130891,46.26222315106462,268.3200248947626,46.262223151064624
10,7,73.69457121671859,16.726526700401774,47.653373658374775,268.73708730853053,47.65337365837478
10,8,96.51619773611904,21.926516463178206,62.46798876787965,352.0165819762368,62.46798876787965
10,9,64.95893056810283,14.681769942645833,41.827922890075676,236.70471459438417,41.82792289007568
10,10,92.40044918842976,20.386058380312093,58.07926982205575,335.28061738734505,58.07926982205575
10,11,88.0765701816891,19.35604097755548,55.14478108764262,319.3744916327099,55.14478108764262
10,12,87.93889227690394,19.81688647924331,56.45771612096211,320.2743929516739,56.45771612096211
10,13,105.6578921883939,22.777486669959156,64.8923774029035,381.86605396808517,64.8923774029035
10,14,74.59290923672104,16.955446245306682,48.30555858633095,272.0842862964941,48.30555858633096
10,15,109.4133559398492,23.378896768491728,66.60577676313076,394.8458445826783,66.60577676313076
10,16,32.545589274462515,7.6008439837142525,21.654576886320633,119.29134470970817,21.654576886320633
10,17,42.10890566759328,9.74028952453514,27.74979316191672,154.07651016469654,27.749793161916724
10,18,104.99717178918206,23.45836628217943,66.83218302774507,381.8236983952913,66.83218302774507
10,19,51.15912836747884,11.599274302915552,33.0459851243081,186.52337022674465,33.04598512430811
10,20,60.39501585973012,13.778521236413445,39.25459437570446,220.43964195489485,39.254594375704464
10,21,51.82262149076213,11.593589096498544,33.02978814148153,188.49765261376794,33.02978814148153
10,22,100.6556471862761,21.584323440578427,61.49309109418363,363.4600326530119,61.49309109418364
10,23,37.58298871714431,8.530916657851169,24.304326081951647,137.05329223338458,24.304326081951647
10,24,83.04567823121117,18.61718912938424,53.03981429867745,302.17684899231097,53.03981429867745
10,25,100.25516731863736,22.543842019897777,64.22673079185977,364.9922327477719,64.22673079185977
10,26,60.81618712955697,13.771628396077428,39.234956880007765,221.68351826867868,39.234956880007765
10,27,27.82998713214794,6.268485792546366,17.858728299955445,101.34868969639926,17.858728299955445
10,28,109.2645409435061,23.55528989110347,67.10831548698806,394.9019383175064,67.10831548698808
10,29,87.4579863037648,19.09157169337673,54.39131601710707,316.7652749284015,54.39131601710708
10,30,51.20430799700345,11.3177929450113,32.244053165190984,185.85697715620134,32.244053165190984
10,31,73.55773146779323,16.466815332939188,46.913463750077746,267.58665815345745,46.913463750077746
10,32,55.70371997564657,12.422328884086625,35.39084297796162,202.50200290490133,35.39084297796162
10,33,88.27059972916378,19.870201486124177,56.60960897893553,321.42140816642683,56.60960897893554
10,34,32.40891588805051,7.699505946251927,21.9356618629502,119.16240952710173,21.9356618629502
10,35,83.0544726471169,17.47892675498931,49.796938881690394,298.9603568230411,49.796938881690394
10,36,96.07363289281837,20.979785033036663,59.770779275272986,347.9916779537281,59.770779275272986
10,37,36.988408500734494,7.839644583456088,22.33491264359822,133.3001381458017,22.33491264359822
10,38,100.39356169570144,21.220274549712943,60.45592670631864,361.6366117934229,60.45592670631865
10,39,55.8905054780008,11.962550445632829,34.08094797584043,201.75246440984284,34.08094797584044
10,40,37.0854724715251,8.307057863415912,23.666559080528668,134.92297649510397,23.66655908052867
10,41,27.78170901604239,6.139702506380855,17.49182857435664,100.83695562248383,17.491828574356642
10,42,46.57574317385142,10.76545748642749,30.670465984534292,170.39769550608855,30.670465984534292
10,43,65.77375166403415,14.464129093114597,41.207870627474804,238.52912561957726,41.207870627474804
10,44,37.23882695371061,8.516534681633162,24.263352262405114,135.97983312353693,24.263352262405114
10,45,102.04160633812332,22.645066071805537,64.51511508437756,370.6399340987475,64.51511508437756
10,46,73.88033295202922,16.75038219813297,47.72133725700783,269.36233611309547,47.72133725700783
10,47,28.385076662340666,6.8166538892443045,19.420442791399715,104.5756727784217,19.42044279139972
10,48,65.22770668650614,14.725616467614264,41.95284032663421,237.63596038615262,41.95284032663421
10,49,36.83718812111561,8.821685035677998,25.132716482708823,135.64428084605564,25.132716482708823
10,50,82.96020544238922,18.68002435639077,53.21882997868585,302.0994463058535,53.21882997868585
